frame,x,y,score,body_part
17,313,127,0,head
17,304,200,0,neck
17,262,200,0,dx_shoulder
17,246,279,0,dx_elbow
17,234,355,0,dx_hand
17,353,202,0,sx_shoulder
17,358,290,0,sx_elbow
17,365,358,0,sx_hand
18,313,127,0,head
18,306,200,0,neck
18,265,200,0,dx_shoulder
18,246,283,0,dx_elbow
18,237,358,0,dx_hand
18,353,200,0,sx_shoulder
18,358,288,0,sx_elbow
18,365,360,0,sx_hand
19,311,127,0,head
19,302,200,0,neck
19,262,200,0,dx_shoulder
19,246,279,0,dx_elbow
19,234,351,0,dx_hand
19,351,200,0,sx_shoulder
19,355,286,0,sx_elbow
19,362,360,0,sx_hand
20,309,127,0,head
20,302,200,0,neck
20,262,202,0,dx_shoulder
20,246,279,0,dx_elbow
20,232,355,0,dx_hand
20,351,202,0,sx_shoulder
20,355,288,0,sx_elbow
20,362,360,0,sx_hand
21,309,127,0,head
21,302,200,0,neck
21,262,202,0,dx_shoulder
21,246,279,0,dx_elbow
21,230,355,0,dx_hand
21,351,200,0,sx_shoulder
21,355,286,0,sx_elbow
21,362,360,0,sx_hand
22,306,127,0,head
22,302,202,0,neck
22,262,202,0,dx_shoulder
22,246,276,0,dx_elbow
22,227,348,0,dx_hand
22,351,202,0,sx_shoulder
22,355,288,0,sx_elbow
22,365,360,0,sx_hand
23,306,127,0,head
23,302,202,0,neck
23,262,202,0,dx_shoulder
23,246,276,0,dx_elbow
23,227,348,0,dx_hand
23,351,202,0,sx_shoulder
23,355,288,0,sx_elbow
23,369,360,0,sx_hand
24,306,127,0,head
24,302,202,0,neck
24,262,202,0,dx_shoulder
24,244,276,0,dx_elbow
24,225,348,0,dx_hand
24,351,202,0,sx_shoulder
24,355,286,0,sx_elbow
24,372,360,0,sx_hand
25,309,127,0,head
25,302,202,0,neck
25,262,202,0,dx_shoulder
25,244,283,0,dx_elbow
25,213,351,0,dx_hand
25,351,202,0,sx_shoulder
25,358,283,0,sx_elbow
25,374,362,0,sx_hand
26,309,127,0,head
26,302,202,0,neck
26,262,202,0,dx_shoulder
26,239,279,0,dx_elbow
26,206,346,0,dx_hand
26,348,202,0,sx_shoulder
26,362,281,0,sx_elbow
26,383,360,0,sx_hand
27,306,127,0,head
27,302,200,0,neck
27,262,200,0,dx_shoulder
27,230,279,0,dx_elbow
27,197,346,0,dx_hand
27,348,200,0,sx_shoulder
27,367,274,0,sx_elbow
27,393,351,0,sx_hand
28,306,127,0,head
28,302,200,0,neck
28,262,200,0,dx_shoulder
28,227,274,0,dx_elbow
28,190,341,0,dx_hand
28,348,200,0,sx_shoulder
28,372,274,0,sx_elbow
28,402,348,0,sx_hand
29,309,127,0,head
29,302,200,0,neck
29,262,200,0,dx_shoulder
29,225,272,0,dx_elbow
29,176,339,0,dx_hand
29,348,200,0,sx_shoulder
29,374,274,0,sx_elbow
29,409,346,0,sx_hand
30,309,127,0,head
30,302,200,0,neck
30,262,200,0,dx_shoulder
30,220,269,0,dx_elbow
30,172,332,0,dx_hand
30,348,200,0,sx_shoulder
30,376,272,0,sx_elbow
30,425,344,0,sx_hand
31,306,127,0,head
31,302,200,0,neck
31,262,200,0,dx_shoulder
31,211,265,0,dx_elbow
31,155,327,0,dx_hand
31,346,200,0,sx_shoulder
31,388,272,0,sx_elbow
31,430,334,0,sx_hand
32,306,127,0,head
32,300,200,0,neck
32,260,200,0,dx_shoulder
32,209,255,0,dx_elbow
32,144,313,0,dx_hand
32,346,200,0,sx_shoulder
32,390,262,0,sx_elbow
32,444,327,0,sx_hand
33,306,127,0,head
33,300,200,0,neck
33,260,200,0,dx_shoulder
33,206,253,0,dx_elbow
33,134,306,0,dx_hand
33,348,200,0,sx_shoulder
33,393,258,0,sx_elbow
33,455,318,0,sx_hand
34,311,127,0,head
34,302,200,0,neck
34,260,200,0,dx_shoulder
34,195,248,0,dx_elbow
34,127,290,0,dx_hand
34,351,200,0,sx_shoulder
34,402,253,0,sx_elbow
34,465,309,0,sx_hand
35,311,125,0,head
35,302,200,0,neck
35,260,200,0,dx_shoulder
35,193,241,0,dx_elbow
35,118,279,0,dx_hand
35,353,200,0,sx_shoulder
35,409,253,0,sx_elbow
35,481,293,0,sx_hand
36,309,125,0,head
36,302,200,0,neck
36,260,200,0,dx_shoulder
36,193,234,0,dx_elbow
36,113,269,0,dx_hand
36,353,200,0,sx_shoulder
36,409,244,0,sx_elbow
36,483,288,0,sx_hand
37,306,125,0,head
37,302,197,0,neck
37,258,200,0,dx_shoulder
37,190,230,0,dx_elbow
37,106,253,0,dx_hand
37,351,197,0,sx_shoulder
37,418,239,0,sx_elbow
37,493,274,0,sx_hand
38,306,125,0,head
38,300,197,0,neck
38,255,197,0,dx_shoulder
38,186,223,0,dx_elbow
38,100,239,0,dx_hand
38,351,200,0,sx_shoulder
38,420,234,0,sx_elbow
38,500,260,0,sx_hand
39,309,125,0,head
39,302,197,0,neck
39,260,200,0,dx_shoulder
39,188,218,0,dx_elbow
39,97,230,0,dx_hand
39,353,200,0,sx_shoulder
39,425,232,0,sx_elbow
39,502,253,0,sx_hand
40,311,125,0,head
40,302,197,0,neck
40,255,197,0,dx_shoulder
40,186,211,0,dx_elbow
40,97,218,0,dx_hand
40,353,197,0,sx_shoulder
40,425,223,0,sx_elbow
40,509,237,0,sx_hand
41,309,125,0,head
41,300,197,0,neck
41,251,195,0,dx_shoulder
41,176,202,0,dx_elbow
41,95,202,0,dx_hand
41,351,197,0,sx_shoulder
41,427,218,0,sx_elbow
41,511,223,0,sx_hand
42,306,125,0,head
42,300,195,0,neck
42,248,193,0,dx_shoulder
42,181,200,0,dx_elbow
42,90,193,0,dx_hand
42,351,197,0,sx_shoulder
42,427,213,0,sx_elbow
42,513,218,0,sx_hand
43,309,125,0,head
43,300,193,0,neck
43,251,190,0,dx_shoulder
43,181,195,0,dx_elbow
43,93,181,0,dx_hand
43,353,195,0,sx_shoulder
43,427,202,0,sx_elbow
43,516,202,0,sx_hand
44,311,125,0,head
44,302,190,0,neck
44,260,186,0,dx_shoulder
44,181,186,0,dx_elbow
44,90,167,0,dx_hand
44,353,193,0,sx_shoulder
44,434,197,0,sx_elbow
44,516,183,0,sx_hand
45,309,125,0,head
45,302,188,0,neck
45,260,183,0,dx_shoulder
45,174,183,0,dx_elbow
45,86,162,0,dx_hand
45,353,190,0,sx_shoulder
45,432,197,0,sx_elbow
45,513,181,0,sx_hand
46,309,125,0,head
46,302,186,0,neck
46,258,183,0,dx_shoulder
46,176,181,0,dx_elbow
46,95,151,0,dx_hand
46,353,188,0,sx_shoulder
46,430,186,0,sx_elbow
46,516,169,0,sx_hand
47,309,125,0,head
47,302,186,0,neck
47,258,183,0,dx_shoulder
47,179,176,0,dx_elbow
47,97,146,0,dx_hand
47,353,186,0,sx_shoulder
47,432,183,0,sx_elbow
47,516,165,0,sx_hand
48,306,125,0,head
48,302,186,0,neck
48,255,183,0,dx_shoulder
48,176,169,0,dx_elbow
48,97,141,0,dx_hand
48,353,186,0,sx_shoulder
48,437,181,0,sx_elbow
48,518,162,0,sx_hand
49,306,125,0,head
49,302,183,0,neck
49,258,183,0,dx_shoulder
49,176,165,0,dx_elbow
49,97,132,0,dx_hand
49,353,186,0,sx_shoulder
49,439,181,0,sx_elbow
49,520,155,0,sx_hand
50,309,125,0,head
50,302,183,0,neck
50,260,183,0,dx_shoulder
50,181,165,0,dx_elbow
50,97,130,0,dx_hand
50,353,186,0,sx_shoulder
50,432,179,0,sx_elbow
50,518,153,0,sx_hand
51,309,125,0,head
51,302,183,0,neck
51,260,183,0,dx_shoulder
51,179,162,0,dx_elbow
51,93,125,0,dx_hand
51,353,186,0,sx_shoulder
51,432,174,0,sx_elbow
51,516,148,0,sx_hand
52,309,123,0,head
52,302,183,0,neck
52,260,183,0,dx_shoulder
52,179,160,0,dx_elbow
52,93,120,0,dx_hand
52,353,183,0,sx_shoulder
52,430,174,0,sx_elbow
52,516,148,0,sx_hand
53,304,123,0,head
53,300,183,0,neck
53,255,183,0,dx_shoulder
53,176,158,0,dx_elbow
53,88,116,0,dx_hand
53,351,183,0,sx_shoulder
53,427,174,0,sx_elbow
53,516,148,0,sx_hand
54,304,125,0,head
54,300,183,0,neck
54,255,183,0,dx_shoulder
54,176,158,0,dx_elbow
54,90,116,0,dx_hand
54,351,183,0,sx_shoulder
54,432,172,0,sx_elbow
54,518,151,0,sx_hand
55,304,125,0,head
55,300,183,0,neck
55,255,183,0,dx_shoulder
55,174,155,0,dx_elbow
55,95,118,0,dx_hand
55,351,183,0,sx_shoulder
55,439,172,0,sx_elbow
55,516,153,0,sx_hand
56,304,125,0,head
56,300,183,0,neck
56,255,183,0,dx_shoulder
56,174,158,0,dx_elbow
56,95,120,0,dx_hand
56,353,183,0,sx_shoulder
56,439,174,0,sx_elbow
56,518,155,0,sx_hand
57,302,125,0,head
57,300,183,0,neck
57,251,183,0,dx_shoulder
57,176,160,0,dx_elbow
57,97,123,0,dx_hand
57,351,183,0,sx_shoulder
57,432,179,0,sx_elbow
57,516,160,0,sx_hand
58,304,125,0,head
58,300,183,0,neck
58,255,181,0,dx_shoulder
58,181,160,0,dx_elbow
58,97,123,0,dx_hand
58,351,183,0,sx_shoulder
58,437,176,0,sx_elbow
58,518,160,0,sx_hand
59,304,123,0,head
59,302,183,0,neck
59,258,181,0,dx_shoulder
59,181,160,0,dx_elbow
59,95,118,0,dx_hand
59,353,183,0,sx_shoulder
59,434,174,0,sx_elbow
59,516,160,0,sx_hand
60,304,123,0,head
60,300,183,0,neck
60,255,181,0,dx_shoulder
60,179,158,0,dx_elbow
60,93,118,0,dx_hand
60,351,183,0,sx_shoulder
60,430,176,0,sx_elbow
60,518,160,0,sx_hand
61,304,123,0,head
61,300,183,0,neck
61,255,181,0,dx_shoulder
61,174,155,0,dx_elbow
61,88,116,0,dx_hand
61,351,183,0,sx_shoulder
61,432,172,0,sx_elbow
61,516,155,0,sx_hand
62,306,123,0,head
62,300,183,0,neck
62,255,181,0,dx_shoulder
62,176,155,0,dx_elbow
62,90,116,0,dx_hand
62,353,183,0,sx_shoulder
62,434,172,0,sx_elbow
62,518,155,0,sx_hand
63,309,123,0,head
63,302,181,0,neck
63,258,181,0,dx_shoulder
63,176,155,0,dx_elbow
63,93,118,0,dx_hand
63,353,183,0,sx_shoulder
63,437,172,0,sx_elbow
63,518,155,0,sx_hand
64,306,120,0,head
64,300,181,0,neck
64,255,181,0,dx_shoulder
64,176,155,0,dx_elbow
64,93,116,0,dx_hand
64,351,181,0,sx_shoulder
64,434,169,0,sx_elbow
64,518,153,0,sx_hand
65,304,120,0,head
65,302,181,0,neck
65,258,181,0,dx_shoulder
65,174,153,0,dx_elbow
65,93,113,0,dx_hand
65,351,181,0,sx_shoulder
65,430,169,0,sx_elbow
65,516,148,0,sx_hand
66,306,120,0,head
66,302,181,0,neck
66,258,181,0,dx_shoulder
66,176,151,0,dx_elbow
66,95,113,0,dx_hand
66,353,181,0,sx_shoulder
66,430,169,0,sx_elbow
66,516,148,0,sx_hand
67,309,120,0,head
67,302,181,0,neck
67,258,181,0,dx_shoulder
67,174,151,0,dx_elbow
67,97,116,0,dx_hand
67,353,183,0,sx_shoulder
67,432,167,0,sx_elbow
67,518,148,0,sx_hand
68,304,123,0,head
68,300,181,0,neck
68,255,181,0,dx_shoulder
68,176,155,0,dx_elbow
68,93,116,0,dx_hand
68,351,183,0,sx_shoulder
68,430,172,0,sx_elbow
68,518,151,0,sx_hand
69,306,123,0,head
69,302,181,0,neck
69,258,181,0,dx_shoulder
69,176,155,0,dx_elbow
69,95,116,0,dx_hand
69,351,183,0,sx_shoulder
69,430,172,0,sx_elbow
69,518,151,0,sx_hand
70,304,120,0,head
70,302,181,0,neck
70,255,181,0,dx_shoulder
70,174,151,0,dx_elbow
70,97,113,0,dx_hand
70,353,181,0,sx_shoulder
70,432,167,0,sx_elbow
70,516,148,0,sx_hand
71,304,120,0,head
71,300,181,0,neck
71,255,181,0,dx_shoulder
71,174,151,0,dx_elbow
71,95,113,0,dx_hand
71,351,183,0,sx_shoulder
71,432,169,0,sx_elbow
71,516,148,0,sx_hand
72,304,123,0,head
72,300,181,0,neck
72,255,181,0,dx_shoulder
72,174,153,0,dx_elbow
72,97,113,0,dx_hand
72,351,181,0,sx_shoulder
72,430,169,0,sx_elbow
72,516,148,0,sx_hand
73,309,123,0,head
73,302,183,0,neck
73,260,181,0,dx_shoulder
73,174,153,0,dx_elbow
73,97,113,0,dx_hand
73,353,183,0,sx_shoulder
73,432,167,0,sx_elbow
73,513,151,0,sx_hand
74,313,120,0,head
74,302,181,0,neck
74,258,181,0,dx_shoulder
74,174,151,0,dx_elbow
74,97,113,0,dx_hand
74,355,183,0,sx_shoulder
74,437,167,0,sx_elbow
74,516,151,0,sx_hand
75,313,120,0,head
75,302,183,0,neck
75,258,181,0,dx_shoulder
75,174,151,0,dx_elbow
75,95,113,0,dx_hand
75,355,183,0,sx_shoulder
75,437,167,0,sx_elbow
75,516,151,0,sx_hand
76,309,123,0,head
76,302,183,0,neck
76,258,181,0,dx_shoulder
76,172,151,0,dx_elbow
76,95,113,0,dx_hand
76,353,183,0,sx_shoulder
76,432,169,0,sx_elbow
76,513,151,0,sx_hand
77,304,123,0,head
77,300,183,0,neck
77,255,181,0,dx_shoulder
77,174,153,0,dx_elbow
77,93,116,0,dx_hand
77,351,183,0,sx_shoulder
77,430,172,0,sx_elbow
77,513,151,0,sx_hand
78,304,125,0,head
78,300,183,0,neck
78,255,181,0,dx_shoulder
78,174,153,0,dx_elbow
78,95,116,0,dx_hand
78,351,183,0,sx_shoulder
78,432,169,0,sx_elbow
78,516,151,0,sx_hand
79,306,123,0,head
79,302,183,0,neck
79,255,181,0,dx_shoulder
79,174,153,0,dx_elbow
79,95,116,0,dx_hand
79,353,183,0,sx_shoulder
79,432,169,0,sx_elbow
79,511,151,0,sx_hand
80,309,123,0,head
80,302,183,0,neck
80,255,181,0,dx_shoulder
80,174,153,0,dx_elbow
80,95,116,0,dx_hand
80,353,183,0,sx_shoulder
80,434,169,0,sx_elbow
80,516,148,0,sx_hand
81,306,125,0,head
81,302,183,0,neck
81,255,181,0,dx_shoulder
81,176,155,0,dx_elbow
81,97,116,0,dx_hand
81,353,183,0,sx_shoulder
81,439,169,0,sx_elbow
81,516,151,0,sx_hand
82,309,125,0,head
82,302,183,0,neck
82,258,183,0,dx_shoulder
82,174,155,0,dx_elbow
82,95,116,0,dx_hand
82,353,183,0,sx_shoulder
82,439,172,0,sx_elbow
82,520,151,0,sx_hand
83,306,125,0,head
83,302,183,0,neck
83,255,183,0,dx_shoulder
83,174,155,0,dx_elbow
83,95,118,0,dx_hand
83,353,183,0,sx_shoulder
83,437,174,0,sx_elbow
83,518,153,0,sx_hand
84,304,125,0,head
84,300,183,0,neck
84,255,183,0,dx_shoulder
84,174,155,0,dx_elbow
84,95,120,0,dx_hand
84,353,183,0,sx_shoulder
84,437,174,0,sx_elbow
84,520,153,0,sx_hand
85,306,125,0,head
85,300,183,0,neck
85,255,183,0,dx_shoulder
85,174,155,0,dx_elbow
85,93,118,0,dx_hand
85,353,183,0,sx_shoulder
85,432,172,0,sx_elbow
85,518,153,0,sx_hand
86,309,125,0,head
86,302,183,0,neck
86,255,183,0,dx_shoulder
86,174,153,0,dx_elbow
86,95,118,0,dx_hand
86,353,183,0,sx_shoulder
86,434,172,0,sx_elbow
86,518,153,0,sx_hand
87,309,125,0,head
87,302,183,0,neck
87,258,183,0,dx_shoulder
87,176,155,0,dx_elbow
87,97,120,0,dx_hand
87,353,183,0,sx_shoulder
87,437,172,0,sx_elbow
87,518,153,0,sx_hand
88,309,125,0,head
88,302,183,0,neck
88,258,183,0,dx_shoulder
88,176,158,0,dx_elbow
88,97,120,0,dx_hand
88,353,183,0,sx_shoulder
88,437,174,0,sx_elbow
88,520,153,0,sx_hand
89,306,125,0,head
89,302,183,0,neck
89,258,183,0,dx_shoulder
89,176,158,0,dx_elbow
89,95,118,0,dx_hand
89,353,186,0,sx_shoulder
89,437,174,0,sx_elbow
89,520,153,0,sx_hand
90,304,125,0,head
90,300,183,0,neck
90,255,183,0,dx_shoulder
90,176,158,0,dx_elbow
90,93,120,0,dx_hand
90,353,183,0,sx_shoulder
90,432,172,0,sx_elbow
90,518,153,0,sx_hand
91,302,125,0,head
91,300,183,0,neck
91,253,183,0,dx_shoulder
91,176,160,0,dx_elbow
91,90,118,0,dx_hand
91,353,183,0,sx_shoulder
91,434,172,0,sx_elbow
91,520,153,0,sx_hand
92,306,125,0,head
92,302,183,0,neck
92,255,181,0,dx_shoulder
92,179,160,0,dx_elbow
92,95,120,0,dx_hand
92,353,183,0,sx_shoulder
92,434,172,0,sx_elbow
92,518,151,0,sx_hand
93,304,125,0,head
93,302,183,0,neck
93,255,181,0,dx_shoulder
93,174,158,0,dx_elbow
93,95,118,0,dx_hand
93,353,183,0,sx_shoulder
93,434,172,0,sx_elbow
93,520,151,0,sx_hand
94,306,125,0,head
94,302,183,0,neck
94,255,181,0,dx_shoulder
94,176,158,0,dx_elbow
94,90,116,0,dx_hand
94,353,183,0,sx_shoulder
94,434,174,0,sx_elbow
94,518,151,0,sx_hand
95,306,125,0,head
95,302,183,0,neck
95,255,181,0,dx_shoulder
95,176,160,0,dx_elbow
95,90,118,0,dx_hand
95,353,183,0,sx_shoulder
95,439,172,0,sx_elbow
95,520,153,0,sx_hand
96,306,125,0,head
96,302,183,0,neck
96,255,181,0,dx_shoulder
96,176,158,0,dx_elbow
96,88,116,0,dx_hand
96,353,183,0,sx_shoulder
96,439,172,0,sx_elbow
96,523,151,0,sx_hand
97,306,125,0,head
97,302,183,0,neck
97,255,181,0,dx_shoulder
97,176,158,0,dx_elbow
97,86,113,0,dx_hand
97,353,183,0,sx_shoulder
97,439,172,0,sx_elbow
97,518,153,0,sx_hand
98,306,123,0,head
98,302,183,0,neck
98,255,181,0,dx_shoulder
98,176,158,0,dx_elbow
98,90,116,0,dx_hand
98,353,183,0,sx_shoulder
98,439,172,0,sx_elbow
98,518,151,0,sx_hand
99,306,123,0,head
99,300,181,0,neck
99,253,181,0,dx_shoulder
99,179,158,0,dx_elbow
99,90,116,0,dx_hand
99,353,183,0,sx_shoulder
99,434,172,0,sx_elbow
99,518,148,0,sx_hand
100,309,123,0,head
100,302,183,0,neck
100,258,181,0,dx_shoulder
100,186,160,0,dx_elbow
100,95,116,0,dx_hand
100,353,183,0,sx_shoulder
100,437,169,0,sx_elbow
100,518,148,0,sx_hand
101,311,123,0,head
101,302,183,0,neck
101,260,181,0,dx_shoulder
101,188,160,0,dx_elbow
101,95,113,0,dx_hand
101,355,183,0,sx_shoulder
101,437,172,0,sx_elbow
101,518,148,0,sx_hand
102,311,123,0,head
102,302,183,0,neck
102,260,181,0,dx_shoulder
102,188,160,0,dx_elbow
102,95,113,0,dx_hand
102,355,183,0,sx_shoulder
102,439,172,0,sx_elbow
102,518,148,0,sx_hand
103,309,123,0,head
103,302,183,0,neck
103,258,181,0,dx_shoulder
103,186,158,0,dx_elbow
103,95,113,0,dx_hand
103,353,183,0,sx_shoulder
103,437,169,0,sx_elbow
103,516,148,0,sx_hand
104,311,123,0,head
104,302,183,0,neck
104,258,181,0,dx_shoulder
104,179,153,0,dx_elbow
104,97,113,0,dx_hand
104,353,183,0,sx_shoulder
104,437,169,0,sx_elbow
104,516,148,0,sx_hand
105,311,123,0,head
105,302,181,0,neck
105,258,181,0,dx_shoulder
105,179,153,0,dx_elbow
105,97,113,0,dx_hand
105,355,183,0,sx_shoulder
105,434,169,0,sx_elbow
105,516,148,0,sx_hand
106,309,123,0,head
106,302,181,0,neck
106,260,181,0,dx_shoulder
106,181,153,0,dx_elbow
106,93,111,0,dx_hand
106,353,183,0,sx_shoulder
106,434,169,0,sx_elbow
106,518,146,0,sx_hand
107,311,123,0,head
107,302,183,0,neck
107,258,181,0,dx_shoulder
107,183,153,0,dx_elbow
107,97,111,0,dx_hand
107,353,183,0,sx_shoulder
107,434,167,0,sx_elbow
107,516,146,0,sx_hand
108,311,123,0,head
108,302,181,0,neck
108,260,181,0,dx_shoulder
108,186,151,0,dx_elbow
108,100,111,0,dx_hand
108,353,183,0,sx_shoulder
108,439,165,0,sx_elbow
108,516,146,0,sx_hand
109,311,120,0,head
109,302,181,0,neck
109,260,181,0,dx_shoulder
109,186,148,0,dx_elbow
109,104,109,0,dx_hand
109,353,181,0,sx_shoulder
109,437,165,0,sx_elbow
109,513,144,0,sx_hand
110,309,118,0,head
110,302,181,0,neck
110,260,179,0,dx_shoulder
110,188,146,0,dx_elbow
110,102,102,0,dx_hand
110,353,181,0,sx_shoulder
110,437,162,0,sx_elbow
110,513,132,0,sx_hand
111,306,120,0,head
111,302,181,0,neck
111,258,181,0,dx_shoulder
111,188,144,0,dx_elbow
111,109,95,0,dx_hand
111,351,181,0,sx_shoulder
111,425,162,0,sx_elbow
111,504,130,0,sx_hand
112,309,120,0,head
112,302,181,0,neck
112,260,181,0,dx_shoulder
112,190,144,0,dx_elbow
112,116,93,0,dx_hand
112,353,181,0,sx_shoulder
112,427,160,0,sx_elbow
112,502,125,0,sx_hand
113,311,118,0,head
113,302,181,0,neck
113,260,179,0,dx_shoulder
113,190,139,0,dx_elbow
113,118,83,0,dx_hand
113,353,181,0,sx_shoulder
113,427,148,0,sx_elbow
113,502,113,0,sx_hand
114,311,118,0,head
114,304,179,0,neck
114,262,176,0,dx_shoulder
114,193,130,0,dx_elbow
114,125,74,0,dx_hand
114,355,179,0,sx_shoulder
114,427,146,0,sx_elbow
114,500,106,0,sx_hand
115,309,116,0,head
115,302,179,0,neck
115,262,174,0,dx_shoulder
115,193,127,0,dx_elbow
115,134,69,0,dx_hand
115,353,179,0,sx_shoulder
115,425,141,0,sx_elbow
115,495,93,0,sx_hand
116,309,116,0,head
116,302,179,0,neck
116,262,176,0,dx_shoulder
116,195,125,0,dx_elbow
116,137,55,0,dx_hand
116,353,179,0,sx_shoulder
116,425,132,0,sx_elbow
116,486,86,0,sx_hand
117,309,116,0,head
117,304,179,0,neck
117,262,176,0,dx_shoulder
117,200,123,0,dx_elbow
117,151,51,0,dx_hand
117,353,176,0,sx_shoulder
117,425,127,0,sx_elbow
117,481,74,0,sx_hand
118,309,116,0,head
118,304,176,0,neck
118,262,176,0,dx_shoulder
118,206,120,0,dx_elbow
118,155,41,0,dx_hand
118,353,169,0,sx_shoulder
118,418,125,0,sx_elbow
118,467,69,0,sx_hand
119,304,118,0,head
119,302,179,0,neck
119,262,176,0,dx_shoulder
119,206,116,0,dx_elbow
119,162,34,0,dx_hand
119,353,174,0,sx_shoulder
119,409,127,0,sx_elbow
119,462,55,0,sx_hand
120,304,120,0,head
120,302,179,0,neck
120,262,176,0,dx_shoulder
120,209,111,0,dx_elbow
120,172,34,0,dx_hand
120,351,174,0,sx_shoulder
120,409,123,0,sx_elbow
120,446,53,0,sx_hand
121,306,120,0,head
121,302,179,0,neck
121,265,176,0,dx_shoulder
121,211,109,0,dx_elbow
121,179,25,0,dx_hand
121,348,174,0,sx_shoulder
121,406,120,0,sx_elbow
121,444,51,0,sx_hand
122,311,120,0,head
122,302,176,0,neck
122,265,174,0,dx_shoulder
122,223,109,0,dx_elbow
122,193,20,0,dx_hand
122,351,172,0,sx_shoulder
122,406,118,0,sx_elbow
122,437,44,0,sx_hand
123,311,120,0,head
123,304,172,0,neck
123,265,174,0,dx_shoulder
123,225,106,0,dx_elbow
123,202,18,0,dx_hand
123,353,167,0,sx_shoulder
123,402,113,0,sx_elbow
123,427,37,0,sx_hand
124,309,120,0,head
124,302,169,0,neck
124,262,169,0,dx_shoulder
124,227,104,0,dx_elbow
124,209,18,0,dx_hand
124,348,167,0,sx_shoulder
124,393,113,0,sx_elbow
124,420,34,0,sx_hand
125,304,120,0,head
125,300,169,0,neck
125,262,172,0,dx_shoulder
125,230,97,0,dx_elbow
125,211,18,0,dx_hand
125,348,167,0,sx_shoulder
125,390,111,0,sx_elbow
125,406,32,0,sx_hand
126,304,120,0,head
126,302,172,0,neck
126,262,174,0,dx_shoulder
126,232,93,0,dx_elbow
126,225,16,0,dx_hand
126,348,167,0,sx_shoulder
126,388,104,0,sx_elbow
126,397,27,0,sx_hand
127,304,120,0,head
127,302,172,0,neck
127,265,174,0,dx_shoulder
127,241,95,0,dx_elbow
127,230,13,0,dx_hand
127,346,167,0,sx_shoulder
127,379,106,0,sx_elbow
127,393,23,0,sx_hand
128,309,120,0,head
128,302,174,0,neck
128,265,174,0,dx_shoulder
128,244,93,0,dx_elbow
128,244,9,0,dx_hand
128,346,172,0,sx_shoulder
128,376,100,0,sx_elbow
128,386,23,0,sx_hand
129,309,120,0,head
129,302,172,0,neck
129,265,174,0,dx_shoulder
129,246,93,0,dx_elbow
129,248,16,0,dx_hand
129,344,167,0,sx_shoulder
129,374,97,0,sx_elbow
129,374,18,0,sx_hand
130,309,123,0,head
130,302,169,0,neck
130,265,172,0,dx_shoulder
130,248,93,0,dx_elbow
130,262,18,0,dx_hand
130,344,167,0,sx_shoulder
130,372,102,0,sx_elbow
130,369,20,0,sx_hand
131,311,120,0,head
131,302,169,0,neck
131,265,172,0,dx_shoulder
131,255,93,0,dx_elbow
131,265,18,0,dx_hand
131,344,167,0,sx_shoulder
131,369,95,0,sx_elbow
131,358,18,0,sx_hand
132,306,120,0,head
132,300,169,0,neck
132,262,172,0,dx_shoulder
132,255,93,0,dx_elbow
132,267,18,0,dx_hand
132,341,167,0,sx_shoulder
132,365,95,0,sx_elbow
132,353,18,0,sx_hand
133,304,118,0,head
133,300,167,0,neck
133,262,167,0,dx_shoulder
133,260,93,0,dx_elbow
133,281,11,0,dx_hand
133,339,165,0,sx_shoulder
133,358,95,0,sx_elbow
133,339,18,0,sx_hand
134,306,118,0,head
134,300,167,0,neck
134,262,167,0,dx_shoulder
134,262,93,0,dx_elbow
134,283,11,0,dx_hand
134,339,165,0,sx_shoulder
134,358,95,0,sx_elbow
134,337,18,0,sx_hand
135,306,116,0,head
135,300,165,0,neck
135,262,165,0,dx_shoulder
135,262,90,0,dx_elbow
135,288,13,0,dx_hand
135,339,165,0,sx_shoulder
135,355,93,0,sx_elbow
135,334,16,0,sx_hand
136,304,116,0,head
136,302,162,0,neck
136,265,165,0,dx_shoulder
136,265,90,0,dx_elbow
136,293,16,0,dx_hand
136,339,162,0,sx_shoulder
136,355,93,0,sx_elbow
136,332,16,0,sx_hand
137,304,116,0,head
137,300,165,0,neck
137,262,165,0,dx_shoulder
137,265,90,0,dx_elbow
137,295,16,0,dx_hand
137,337,165,0,sx_shoulder
137,353,93,0,sx_elbow
137,327,16,0,sx_hand
138,304,116,0,head
138,300,165,0,neck
138,262,165,0,dx_shoulder
138,265,90,0,dx_elbow
138,295,16,0,dx_hand
138,337,165,0,sx_shoulder
138,353,90,0,sx_elbow
138,323,16,0,sx_hand
139,304,116,0,head
139,300,165,0,neck
139,262,167,0,dx_shoulder
139,265,90,0,dx_elbow
139,295,16,0,dx_hand
139,339,165,0,sx_shoulder
139,353,90,0,sx_elbow
139,323,16,0,sx_hand
140,304,116,0,head
140,302,165,0,neck
140,262,167,0,dx_shoulder
140,265,88,0,dx_elbow
140,295,13,0,dx_hand
140,339,165,0,sx_shoulder
140,353,90,0,sx_elbow
140,327,18,0,sx_hand
141,304,116,0,head
141,300,165,0,neck
141,262,167,0,dx_shoulder
141,265,90,0,dx_elbow
141,295,13,0,dx_hand
141,339,165,0,sx_shoulder
141,353,90,0,sx_elbow
141,327,16,0,sx_hand
142,304,116,0,head
142,300,165,0,neck
142,262,165,0,dx_shoulder
142,265,90,0,dx_elbow
142,295,13,0,dx_hand
142,337,165,0,sx_shoulder
142,353,90,0,sx_elbow
142,330,16,0,sx_hand
143,302,116,0,head
143,300,165,0,neck
143,262,167,0,dx_shoulder
143,265,90,0,dx_elbow
143,295,9,0,dx_hand
143,337,165,0,sx_shoulder
143,353,90,0,sx_elbow
143,330,13,0,sx_hand
144,304,116,0,head
144,300,165,0,neck
144,262,167,0,dx_shoulder
144,265,90,0,dx_elbow
144,295,6,0,dx_hand
144,339,165,0,sx_shoulder
144,353,90,0,sx_elbow
144,332,16,0,sx_hand
145,304,113,0,head
145,300,165,0,neck
145,262,165,0,dx_shoulder
145,265,90,0,dx_elbow
145,297,4,0,dx_hand
145,339,165,0,sx_shoulder
145,355,90,0,sx_elbow
145,334,13,0,sx_hand
146,302,113,0,head
146,300,165,0,neck
146,262,165,0,dx_shoulder
146,265,88,0,dx_elbow
146,297,6,0,dx_hand
146,339,165,0,sx_shoulder
146,355,90,0,sx_elbow
146,334,11,0,sx_hand
147,302,113,0,head
147,300,162,0,neck
147,262,165,0,dx_shoulder
147,265,90,0,dx_elbow
147,295,9,0,dx_hand
147,337,162,0,sx_shoulder
147,355,90,0,sx_elbow
147,334,13,0,sx_hand
148,302,116,0,head
148,300,165,0,neck
148,262,167,0,dx_shoulder
148,265,90,0,dx_elbow
148,295,11,0,dx_hand
148,339,165,0,sx_shoulder
148,355,90,0,sx_elbow
148,334,13,0,sx_hand
149,306,116,0,head
149,302,165,0,neck
149,262,165,0,dx_shoulder
149,265,90,0,dx_elbow
149,297,6,0,dx_hand
149,341,165,0,sx_shoulder
149,355,90,0,sx_elbow
149,334,9,0,sx_hand
150,304,113,0,head
150,300,165,0,neck
150,262,167,0,dx_shoulder
150,265,90,0,dx_elbow
150,297,4,0,dx_hand
150,339,165,0,sx_shoulder
150,355,90,0,sx_elbow
150,334,11,0,sx_hand
151,302,113,0,head
151,300,165,0,neck
151,262,165,0,dx_shoulder
151,265,88,0,dx_elbow
151,295,4,0,dx_hand
151,337,165,0,sx_shoulder
151,353,90,0,sx_elbow
151,334,13,0,sx_hand
152,304,113,0,head
152,300,165,0,neck
152,262,167,0,dx_shoulder
152,265,88,0,dx_elbow
152,295,4,0,dx_hand
152,337,165,0,sx_shoulder
152,355,90,0,sx_elbow
152,334,13,0,sx_hand
153,304,116,0,head
153,300,165,0,neck
153,262,167,0,dx_shoulder
153,265,90,0,dx_elbow
153,295,4,0,dx_hand
153,339,165,0,sx_shoulder
153,353,90,0,sx_elbow
153,334,13,0,sx_hand
154,304,116,0,head
154,300,167,0,neck
154,262,169,0,dx_shoulder
154,265,90,0,dx_elbow
154,295,4,0,dx_hand
154,339,165,0,sx_shoulder
154,355,90,0,sx_elbow
154,334,16,0,sx_hand
155,304,118,0,head
155,300,165,0,neck
155,262,167,0,dx_shoulder
155,265,90,0,dx_elbow
155,295,11,0,dx_hand
155,337,165,0,sx_shoulder
155,353,90,0,sx_elbow
155,334,16,0,sx_hand
156,304,118,0,head
156,300,167,0,neck
156,260,167,0,dx_shoulder
156,262,93,0,dx_elbow
156,290,16,0,dx_hand
156,337,165,0,sx_shoulder
156,353,93,0,sx_elbow
156,332,16,0,sx_hand
157,302,123,0,head
157,300,174,0,neck
157,262,174,0,dx_shoulder
157,262,93,0,dx_elbow
157,293,16,0,dx_hand
157,337,172,0,sx_shoulder
157,353,93,0,sx_elbow
157,332,18,0,sx_hand
158,302,123,0,head
158,300,174,0,neck
158,260,172,0,dx_shoulder
158,262,93,0,dx_elbow
158,290,16,0,dx_hand
158,337,174,0,sx_shoulder
158,353,93,0,sx_elbow
158,332,18,0,sx_hand
159,302,123,0,head
159,300,172,0,neck
159,260,169,0,dx_shoulder
159,262,93,0,dx_elbow
159,288,18,0,dx_hand
159,337,174,0,sx_shoulder
159,353,93,0,sx_elbow
159,332,18,0,sx_hand
160,302,123,0,head
160,300,172,0,neck
160,260,169,0,dx_shoulder
160,262,93,0,dx_elbow
160,288,16,0,dx_hand
160,337,172,0,sx_shoulder
160,353,93,0,sx_elbow
160,332,18,0,sx_hand
161,302,123,0,head
161,300,172,0,neck
161,260,172,0,dx_shoulder
161,262,93,0,dx_elbow
161,288,18,0,dx_hand
161,337,172,0,sx_shoulder
161,353,95,0,sx_elbow
161,332,18,0,sx_hand
162,302,123,0,head
162,300,172,0,neck
162,260,174,0,dx_shoulder
162,262,93,0,dx_elbow
162,288,18,0,dx_hand
162,337,172,0,sx_shoulder
162,353,95,0,sx_elbow
162,332,16,0,sx_hand
163,302,120,0,head
163,300,172,0,neck
163,262,172,0,dx_shoulder
163,262,93,0,dx_elbow
163,286,18,0,dx_hand
163,337,169,0,sx_shoulder
163,355,93,0,sx_elbow
163,332,16,0,sx_hand
164,306,120,0,head
164,300,176,0,neck
164,262,176,0,dx_shoulder
164,262,90,0,dx_elbow
164,288,18,0,dx_hand
164,339,174,0,sx_shoulder
164,355,93,0,sx_elbow
164,332,16,0,sx_hand
165,306,120,0,head
165,300,174,0,neck
165,262,174,0,dx_shoulder
165,262,93,0,dx_elbow
165,288,18,0,dx_hand
165,339,174,0,sx_shoulder
165,355,93,0,sx_elbow
165,332,16,0,sx_hand
166,306,120,0,head
166,300,174,0,neck
166,262,174,0,dx_shoulder
166,262,90,0,dx_elbow
166,288,18,0,dx_hand
166,339,172,0,sx_shoulder
166,355,93,0,sx_elbow
166,332,16,0,sx_hand
167,306,120,0,head
167,300,172,0,neck
167,262,174,0,dx_shoulder
167,262,90,0,dx_elbow
167,288,18,0,dx_hand
167,339,167,0,sx_shoulder
167,355,93,0,sx_elbow
167,332,16,0,sx_hand
168,309,118,0,head
168,302,167,0,neck
168,265,167,0,dx_shoulder
168,265,93,0,dx_elbow
168,286,18,0,dx_hand
168,341,167,0,sx_shoulder
168,355,93,0,sx_elbow
168,334,16,0,sx_hand
169,306,120,0,head
169,300,169,0,neck
169,262,172,0,dx_shoulder
169,262,90,0,dx_elbow
169,288,18,0,dx_hand
169,339,167,0,sx_shoulder
169,355,93,0,sx_elbow
169,332,16,0,sx_hand
170,304,120,0,head
170,300,172,0,neck
170,262,169,0,dx_shoulder
170,262,93,0,dx_elbow
170,286,18,0,dx_hand
170,339,169,0,sx_shoulder
170,353,93,0,sx_elbow
170,332,13,0,sx_hand
171,304,118,0,head
171,300,169,0,neck
171,262,169,0,dx_shoulder
171,262,93,0,dx_elbow
171,286,18,0,dx_hand
171,339,167,0,sx_shoulder
171,355,93,0,sx_elbow
171,332,16,0,sx_hand
172,306,120,0,head
172,300,172,0,neck
172,262,172,0,dx_shoulder
172,262,93,0,dx_elbow
172,286,18,0,dx_hand
172,337,169,0,sx_shoulder
172,355,93,0,sx_elbow
172,332,16,0,sx_hand
173,304,120,0,head
173,300,167,0,neck
173,262,167,0,dx_shoulder
173,262,95,0,dx_elbow
173,286,18,0,dx_hand
173,337,167,0,sx_shoulder
173,355,93,0,sx_elbow
173,332,16,0,sx_hand
174,304,118,0,head
174,300,167,0,neck
174,262,167,0,dx_shoulder
174,262,93,0,dx_elbow
174,288,13,0,dx_hand
174,337,167,0,sx_shoulder
174,353,93,0,sx_elbow
174,332,13,0,sx_hand
175,304,118,0,head
175,300,169,0,neck
175,262,169,0,dx_shoulder
175,262,93,0,dx_elbow
175,288,16,0,dx_hand
175,339,167,0,sx_shoulder
175,353,93,0,sx_elbow
175,332,13,0,sx_hand
176,304,118,0,head
176,300,172,0,neck
176,262,172,0,dx_shoulder
176,262,93,0,dx_elbow
176,288,16,0,dx_hand
176,339,167,0,sx_shoulder
176,355,93,0,sx_elbow
176,332,13,0,sx_hand
177,304,118,0,head
177,300,167,0,neck
177,262,169,0,dx_shoulder
177,262,93,0,dx_elbow
177,288,13,0,dx_hand
177,339,167,0,sx_shoulder
177,355,93,0,sx_elbow
177,334,16,0,sx_hand
178,309,118,0,head
178,302,167,0,neck
178,265,167,0,dx_shoulder
178,262,90,0,dx_elbow
178,288,13,0,dx_hand
178,341,165,0,sx_shoulder
178,355,93,0,sx_elbow
178,334,11,0,sx_hand
179,306,118,0,head
179,300,167,0,neck
179,262,169,0,dx_shoulder
179,262,93,0,dx_elbow
179,286,16,0,dx_hand
179,339,167,0,sx_shoulder
179,355,93,0,sx_elbow
179,334,13,0,sx_hand
180,304,118,0,head
180,300,165,0,neck
180,262,167,0,dx_shoulder
180,260,93,0,dx_elbow
180,283,16,0,dx_hand
180,337,165,0,sx_shoulder
180,355,93,0,sx_elbow
180,334,13,0,sx_hand
181,304,116,0,head
181,300,165,0,neck
181,262,167,0,dx_shoulder
181,260,93,0,dx_elbow
181,283,6,0,dx_hand
181,337,165,0,sx_shoulder
181,355,93,0,sx_elbow
181,334,16,0,sx_hand
182,304,116,0,head
182,300,167,0,neck
182,262,167,0,dx_shoulder
182,260,93,0,dx_elbow
182,281,6,0,dx_hand
182,339,165,0,sx_shoulder
182,358,93,0,sx_elbow
182,337,13,0,sx_hand
183,304,118,0,head
183,300,165,0,neck
183,262,165,0,dx_shoulder
183,255,90,0,dx_elbow
183,276,13,0,dx_hand
183,337,165,0,sx_shoulder
183,358,93,0,sx_elbow
183,339,13,0,sx_hand
184,302,118,0,head
184,300,165,0,neck
184,262,165,0,dx_shoulder
184,246,90,0,dx_elbow
184,265,16,0,dx_hand
184,337,165,0,sx_shoulder
184,362,93,0,sx_elbow
184,351,16,0,sx_hand
185,304,116,0,head
185,300,167,0,neck
185,262,169,0,dx_shoulder
185,246,90,0,dx_elbow
185,262,13,0,dx_hand
185,339,165,0,sx_shoulder
185,369,93,0,sx_elbow
185,355,13,0,sx_hand
186,309,116,0,head
186,302,167,0,neck
186,265,167,0,dx_shoulder
186,244,90,0,dx_elbow
186,258,9,0,dx_hand
186,344,165,0,sx_shoulder
186,374,93,0,sx_elbow
186,369,16,0,sx_hand
187,309,116,0,head
187,302,167,0,neck
187,265,172,0,dx_shoulder
187,241,93,0,dx_elbow
187,246,11,0,dx_hand
187,346,165,0,sx_shoulder
187,376,95,0,sx_elbow
187,376,16,0,sx_hand
188,302,116,0,head
188,302,167,0,neck
188,262,172,0,dx_shoulder
188,237,95,0,dx_elbow
188,230,16,0,dx_hand
188,346,165,0,sx_shoulder
188,381,100,0,sx_elbow
188,390,18,0,sx_hand
189,304,116,0,head
189,302,167,0,neck
189,262,169,0,dx_shoulder
189,227,95,0,dx_elbow
189,225,16,0,dx_hand
189,348,165,0,sx_shoulder
189,390,102,0,sx_elbow
189,400,18,0,sx_hand
190,306,116,0,head
190,302,167,0,neck
190,265,169,0,dx_shoulder
190,225,95,0,dx_elbow
190,209,6,0,dx_hand
190,351,165,0,sx_shoulder
190,393,106,0,sx_elbow
190,411,20,0,sx_hand
191,306,116,0,head
191,302,167,0,neck
191,262,169,0,dx_shoulder
191,223,100,0,dx_elbow
191,200,16,0,dx_hand
191,351,165,0,sx_shoulder
191,402,109,0,sx_elbow
191,425,27,0,sx_hand
192,304,116,0,head
192,302,167,0,neck
192,262,167,0,dx_shoulder
192,216,106,0,dx_elbow
192,188,18,0,dx_hand
192,351,165,0,sx_shoulder
192,404,111,0,sx_elbow
192,437,37,0,sx_hand
193,304,116,0,head
193,302,169,0,neck
193,262,169,0,dx_shoulder
193,209,109,0,dx_elbow
193,174,20,0,dx_hand
193,351,167,0,sx_shoulder
193,406,111,0,sx_elbow
193,446,46,0,sx_hand
194,304,116,0,head
194,302,169,0,neck
194,262,169,0,dx_shoulder
194,206,109,0,dx_elbow
194,165,25,0,dx_hand
194,351,167,0,sx_shoulder
194,409,123,0,sx_elbow
194,462,53,0,sx_hand
195,302,113,0,head
195,302,169,0,neck
195,262,169,0,dx_shoulder
195,204,111,0,dx_elbow
195,153,34,0,dx_hand
195,351,167,0,sx_shoulder
195,409,127,0,sx_elbow
195,467,65,0,sx_hand
196,302,113,0,head
196,302,172,0,neck
196,262,169,0,dx_shoulder
196,202,113,0,dx_elbow
196,151,39,0,dx_hand
196,351,169,0,sx_shoulder
196,411,130,0,sx_elbow
196,481,74,0,sx_hand
197,302,113,0,head
197,302,172,0,neck
197,260,169,0,dx_shoulder
197,204,125,0,dx_elbow
197,137,48,0,dx_hand
197,351,169,0,sx_shoulder
197,423,127,0,sx_elbow
197,488,83,0,sx_hand
198,302,113,0,head
198,300,172,0,neck
198,255,169,0,dx_shoulder
198,195,125,0,dx_elbow
198,130,53,0,dx_hand
198,348,169,0,sx_shoulder
198,425,132,0,sx_elbow
198,493,93,0,sx_hand
199,302,113,0,head
199,300,174,0,neck
199,253,169,0,dx_shoulder
199,188,125,0,dx_elbow
199,118,58,0,dx_hand
199,348,174,0,sx_shoulder
199,425,144,0,sx_elbow
199,500,109,0,sx_hand
200,304,113,0,head
200,300,176,0,neck
200,258,172,0,dx_shoulder
200,190,127,0,dx_elbow
200,116,72,0,dx_hand
200,351,176,0,sx_shoulder
200,427,146,0,sx_elbow
200,506,113,0,sx_hand
201,304,113,0,head
201,300,176,0,neck
201,258,172,0,dx_shoulder
201,190,127,0,dx_elbow
201,111,76,0,dx_hand
201,348,179,0,sx_shoulder
201,427,155,0,sx_elbow
201,513,127,0,sx_hand
202,302,113,0,head
202,300,176,0,neck
202,251,172,0,dx_shoulder
202,183,130,0,dx_elbow
202,104,90,0,dx_hand
202,346,179,0,sx_shoulder
202,432,160,0,sx_elbow
202,516,139,0,sx_hand
203,302,113,0,head
203,300,176,0,neck
203,248,169,0,dx_shoulder
203,176,132,0,dx_elbow
203,97,93,0,dx_hand
203,346,179,0,sx_shoulder
203,425,165,0,sx_elbow
203,518,146,0,sx_hand
204,302,113,0,head
204,300,176,0,neck
204,251,169,0,dx_shoulder
204,179,141,0,dx_elbow
204,97,106,0,dx_hand
204,348,179,0,sx_shoulder
204,427,165,0,sx_elbow
204,520,155,0,sx_hand
205,306,113,0,head
205,300,179,0,neck
205,255,172,0,dx_shoulder
205,179,144,0,dx_elbow
205,97,111,0,dx_hand
205,351,181,0,sx_shoulder
205,430,167,0,sx_elbow
205,516,162,0,sx_hand
206,306,113,0,head
206,300,179,0,neck
206,255,172,0,dx_shoulder
206,176,144,0,dx_elbow
206,93,118,0,dx_hand
206,351,181,0,sx_shoulder
206,434,169,0,sx_elbow
206,518,165,0,sx_hand
207,309,113,0,head
207,300,179,0,neck
207,253,172,0,dx_shoulder
207,174,146,0,dx_elbow
207,86,123,0,dx_hand
207,348,181,0,sx_shoulder
207,434,172,0,sx_elbow
207,518,165,0,sx_hand
208,311,113,0,head
208,302,179,0,neck
208,255,174,0,dx_shoulder
208,174,148,0,dx_elbow
208,90,127,0,dx_hand
208,351,181,0,sx_shoulder
208,439,169,0,sx_elbow
208,525,165,0,sx_hand
209,313,116,0,head
209,302,179,0,neck
209,258,176,0,dx_shoulder
209,179,151,0,dx_elbow
209,95,127,0,dx_hand
209,351,181,0,sx_shoulder
209,437,172,0,sx_elbow
209,518,165,0,sx_hand
210,313,116,0,head
210,300,181,0,neck
210,253,179,0,dx_shoulder
210,174,151,0,dx_elbow
210,93,130,0,dx_hand
210,351,181,0,sx_shoulder
210,437,174,0,sx_elbow
210,518,165,0,sx_hand
211,313,118,0,head
211,300,181,0,neck
211,253,179,0,dx_shoulder
211,174,151,0,dx_elbow
211,88,127,0,dx_hand
211,348,181,0,sx_shoulder
211,437,174,0,sx_elbow
211,518,165,0,sx_hand
212,313,118,0,head
212,300,181,0,neck
212,253,179,0,dx_shoulder
212,176,153,0,dx_elbow
212,93,127,0,dx_hand
212,351,183,0,sx_shoulder
212,439,174,0,sx_elbow
212,518,162,0,sx_hand
213,313,118,0,head
213,300,181,0,neck
213,253,176,0,dx_shoulder
213,179,151,0,dx_elbow
213,90,127,0,dx_hand
213,351,181,0,sx_shoulder
213,437,172,0,sx_elbow
213,518,162,0,sx_hand
214,313,118,0,head
214,300,181,0,neck
214,255,176,0,dx_shoulder
214,181,151,0,dx_elbow
214,88,123,0,dx_hand
214,351,181,0,sx_shoulder
214,430,169,0,sx_elbow
214,516,162,0,sx_hand
215,313,118,0,head
215,300,181,0,neck
215,255,176,0,dx_shoulder
215,179,151,0,dx_elbow
215,93,123,0,dx_hand
215,351,181,0,sx_shoulder
215,432,169,0,sx_elbow
215,516,158,0,sx_hand
216,313,118,0,head
216,302,181,0,neck
216,258,179,0,dx_shoulder
216,186,151,0,dx_elbow
216,93,123,0,dx_hand
216,351,181,0,sx_shoulder
216,432,167,0,sx_elbow
216,516,158,0,sx_hand
217,313,118,0,head
217,302,181,0,neck
217,260,179,0,dx_shoulder
217,186,151,0,dx_elbow
217,93,123,0,dx_hand
217,351,181,0,sx_shoulder
217,430,169,0,sx_elbow
217,516,158,0,sx_hand
218,313,116,0,head
218,302,181,0,neck
218,258,179,0,dx_shoulder
218,188,151,0,dx_elbow
218,93,123,0,dx_hand
218,351,181,0,sx_shoulder
218,430,167,0,sx_elbow
218,516,155,0,sx_hand
219,313,118,0,head
219,300,181,0,neck
219,255,179,0,dx_shoulder
219,181,148,0,dx_elbow
219,90,120,0,dx_hand
219,351,181,0,sx_shoulder
219,437,167,0,sx_elbow
219,516,160,0,sx_hand
220,313,120,0,head
220,300,181,0,neck
220,258,179,0,dx_shoulder
220,179,148,0,dx_elbow
220,88,118,0,dx_hand
220,351,181,0,sx_shoulder
220,437,167,0,sx_elbow
220,516,160,0,sx_hand
221,313,120,0,head
221,300,181,0,neck
221,255,179,0,dx_shoulder
221,181,151,0,dx_elbow
221,93,123,0,dx_hand
221,351,181,0,sx_shoulder
221,434,167,0,sx_elbow
221,518,158,0,sx_hand
222,313,118,0,head
222,302,181,0,neck
222,255,176,0,dx_shoulder
222,181,148,0,dx_elbow
222,90,118,0,dx_hand
222,353,181,0,sx_shoulder
222,434,167,0,sx_elbow
222,516,155,0,sx_hand
223,311,116,0,head
223,302,181,0,neck
223,258,176,0,dx_shoulder
223,181,148,0,dx_elbow
223,90,118,0,dx_hand
223,353,181,0,sx_shoulder
223,427,167,0,sx_elbow
223,516,153,0,sx_hand
224,311,116,0,head
224,302,179,0,neck
224,258,179,0,dx_shoulder
224,186,148,0,dx_elbow
224,93,116,0,dx_hand
224,351,181,0,sx_shoulder
224,427,165,0,sx_elbow
224,516,151,0,sx_hand
225,311,113,0,head
225,302,179,0,neck
225,255,176,0,dx_shoulder
225,186,148,0,dx_elbow
225,95,118,0,dx_hand
225,353,181,0,sx_shoulder
225,427,165,0,sx_elbow
225,516,148,0,sx_hand
226,311,116,0,head
226,300,179,0,neck
226,253,176,0,dx_shoulder
226,183,146,0,dx_elbow
226,95,118,0,dx_hand
226,353,181,0,sx_shoulder
226,427,165,0,sx_elbow
226,516,148,0,sx_hand
227,309,116,0,head
227,300,179,0,neck
227,251,176,0,dx_shoulder
227,179,146,0,dx_elbow
227,95,116,0,dx_hand
227,351,181,0,sx_shoulder
227,427,165,0,sx_elbow
227,516,146,0,sx_hand
228,309,116,0,head
228,300,179,0,neck
228,251,176,0,dx_shoulder
228,176,146,0,dx_elbow
228,93,116,0,dx_hand
228,351,181,0,sx_shoulder
228,427,165,0,sx_elbow
228,516,148,0,sx_hand
229,309,116,0,head
229,300,179,0,neck
229,253,179,0,dx_shoulder
229,179,148,0,dx_elbow
229,95,116,0,dx_hand
229,351,181,0,sx_shoulder
229,427,165,0,sx_elbow
229,516,148,0,sx_hand
230,306,116,0,head
230,300,179,0,neck
230,251,176,0,dx_shoulder
230,181,148,0,dx_elbow
230,95,116,0,dx_hand
230,351,181,0,sx_shoulder
230,427,165,0,sx_elbow
230,516,146,0,sx_hand
231,302,116,0,head
231,300,179,0,neck
231,248,176,0,dx_shoulder
231,176,146,0,dx_elbow
231,88,116,0,dx_hand
231,348,181,0,sx_shoulder
231,427,165,0,sx_elbow
231,516,146,0,sx_hand
232,306,116,0,head
232,300,179,0,neck
232,251,176,0,dx_shoulder
232,179,148,0,dx_elbow
232,90,116,0,dx_hand
232,351,179,0,sx_shoulder
232,427,165,0,sx_elbow
232,516,146,0,sx_hand
233,306,116,0,head
233,300,179,0,neck
233,253,179,0,dx_shoulder
233,181,148,0,dx_elbow
233,93,123,0,dx_hand
233,351,179,0,sx_shoulder
233,430,165,0,sx_elbow
233,518,148,0,sx_hand
234,302,116,0,head
234,300,179,0,neck
234,248,176,0,dx_shoulder
234,176,151,0,dx_elbow
234,88,123,0,dx_hand
234,351,179,0,sx_shoulder
234,427,165,0,sx_elbow
234,516,151,0,sx_hand
235,302,113,0,head
235,300,179,0,neck
235,251,176,0,dx_shoulder
235,176,153,0,dx_elbow
235,93,127,0,dx_hand
235,348,181,0,sx_shoulder
235,430,167,0,sx_elbow
235,516,155,0,sx_hand
236,302,116,0,head
236,300,179,0,neck
236,253,179,0,dx_shoulder
236,176,158,0,dx_elbow
236,90,130,0,dx_hand
236,346,181,0,sx_shoulder
236,427,174,0,sx_elbow
236,516,162,0,sx_hand
237,302,116,0,head
237,300,181,0,neck
237,251,179,0,dx_shoulder
237,174,160,0,dx_elbow
237,88,137,0,dx_hand
237,346,181,0,sx_shoulder
237,430,179,0,sx_elbow
237,518,165,0,sx_hand
238,302,116,0,head
238,300,181,0,neck
238,251,179,0,dx_shoulder
238,172,162,0,dx_elbow
238,83,144,0,dx_hand
238,344,181,0,sx_shoulder
238,425,181,0,sx_elbow
238,518,169,0,sx_hand
239,302,116,0,head
239,300,181,0,neck
239,251,179,0,dx_shoulder
239,172,165,0,dx_elbow
239,83,148,0,dx_hand
239,344,181,0,sx_shoulder
239,427,183,0,sx_elbow
239,516,181,0,sx_hand
240,302,116,0,head
240,300,181,0,neck
240,251,181,0,dx_shoulder
240,174,167,0,dx_elbow
240,83,162,0,dx_hand
240,344,181,0,sx_shoulder
240,430,188,0,sx_elbow
240,518,186,0,sx_hand
241,302,116,0,head
241,300,181,0,neck
241,253,181,0,dx_shoulder
241,174,179,0,dx_elbow
241,86,169,0,dx_hand
241,344,183,0,sx_shoulder
241,427,200,0,sx_elbow
241,516,202,0,sx_hand
242,302,116,0,head
242,300,181,0,neck
242,255,181,0,dx_shoulder
242,176,183,0,dx_elbow
242,90,183,0,dx_hand
242,344,183,0,sx_shoulder
242,427,204,0,sx_elbow
242,513,218,0,sx_hand
243,300,116,0,head
243,300,181,0,neck
243,255,181,0,dx_shoulder
243,176,186,0,dx_elbow
243,88,200,0,dx_hand
243,344,183,0,sx_shoulder
243,425,218,0,sx_elbow
243,509,232,0,sx_hand
244,300,113,0,head
244,300,181,0,neck
244,258,181,0,dx_shoulder
244,179,200,0,dx_elbow
244,86,218,0,dx_hand
244,344,183,0,sx_shoulder
244,425,220,0,sx_elbow
244,502,244,0,sx_hand
245,302,113,0,head
245,300,183,0,neck
245,260,181,0,dx_shoulder
245,181,204,0,dx_elbow
245,95,230,0,dx_hand
245,346,183,0,sx_shoulder
245,418,227,0,sx_elbow
245,500,258,0,sx_hand
246,302,116,0,head
246,300,183,0,neck
246,258,181,0,dx_shoulder
246,188,216,0,dx_elbow
246,100,241,0,dx_hand
246,346,183,0,sx_shoulder
246,411,234,0,sx_elbow
246,486,274,0,sx_hand
247,302,113,0,head
247,300,183,0,neck
247,253,181,0,dx_shoulder
247,190,220,0,dx_elbow
247,100,258,0,dx_hand
247,341,183,0,sx_shoulder
247,404,237,0,sx_elbow
247,474,288,0,sx_hand
248,302,113,0,head
248,300,183,0,neck
248,255,181,0,dx_shoulder
248,190,227,0,dx_elbow
248,113,274,0,dx_hand
248,339,183,0,sx_shoulder
248,402,251,0,sx_elbow
248,465,300,0,sx_hand
249,302,113,0,head
249,300,183,0,neck
249,255,183,0,dx_shoulder
249,195,232,0,dx_elbow
249,120,288,0,dx_hand
249,341,183,0,sx_shoulder
249,393,253,0,sx_elbow
249,451,309,0,sx_hand
250,302,113,0,head
250,297,183,0,neck
250,253,183,0,dx_shoulder
250,204,237,0,dx_elbow
250,134,295,0,dx_hand
250,341,186,0,sx_shoulder
250,386,255,0,sx_elbow
250,441,323,0,sx_hand
251,302,113,0,head
251,297,183,0,neck
251,253,183,0,dx_shoulder
251,206,241,0,dx_elbow
251,139,309,0,dx_hand
251,339,186,0,sx_shoulder
251,376,255,0,sx_elbow
251,427,330,0,sx_hand
252,302,113,0,head
252,297,186,0,neck
252,255,183,0,dx_shoulder
252,209,253,0,dx_elbow
252,153,313,0,dx_hand
252,341,186,0,sx_shoulder
252,372,260,0,sx_elbow
252,416,332,0,sx_hand
253,302,113,0,head
253,297,188,0,neck
253,253,183,0,dx_shoulder
253,213,253,0,dx_elbow
253,165,325,0,dx_hand
253,344,190,0,sx_shoulder
253,369,267,0,sx_elbow
253,406,341,0,sx_hand
254,302,113,0,head
254,297,188,0,neck
254,255,183,0,dx_shoulder
254,216,260,0,dx_elbow
254,174,330,0,dx_hand
254,344,188,0,sx_shoulder
254,365,272,0,sx_elbow
254,397,344,0,sx_hand
255,302,113,0,head
255,300,188,0,neck
255,258,186,0,dx_shoulder
255,225,262,0,dx_elbow
255,188,334,0,dx_hand
255,344,190,0,sx_shoulder
255,358,272,0,sx_elbow
255,390,346,0,sx_hand
256,302,116,0,head
256,300,193,0,neck
256,255,188,0,dx_shoulder
256,227,269,0,dx_elbow
256,193,341,0,dx_hand
256,341,195,0,sx_shoulder
256,355,274,0,sx_elbow
256,381,351,0,sx_hand
257,300,113,0,head
257,297,190,0,neck
257,253,186,0,dx_shoulder
257,230,272,0,dx_elbow
257,202,344,0,dx_hand
257,339,193,0,sx_shoulder
257,353,274,0,sx_elbow
257,374,348,0,sx_hand
258,300,113,0,head
258,297,190,0,neck
258,251,186,0,dx_shoulder
258,237,272,0,dx_elbow
258,209,346,0,dx_hand
258,341,190,0,sx_shoulder
258,353,274,0,sx_elbow
258,369,348,0,sx_hand
259,300,113,0,head
259,297,188,0,neck
259,253,186,0,dx_shoulder
259,241,269,0,dx_elbow
259,216,344,0,dx_hand
259,341,190,0,sx_shoulder
259,351,276,0,sx_elbow
259,362,353,0,sx_hand
260,300,113,0,head
260,297,188,0,neck
260,251,186,0,dx_shoulder
260,244,269,0,dx_elbow
260,225,344,0,dx_hand
260,344,190,0,sx_shoulder
260,351,274,0,sx_elbow
260,358,353,0,sx_hand
261,300,111,0,head
261,297,186,0,neck
261,251,183,0,dx_shoulder
261,244,269,0,dx_elbow
261,227,344,0,dx_hand
261,344,188,0,sx_shoulder
261,353,274,0,sx_elbow
261,358,351,0,sx_hand
262,302,113,0,head
262,297,186,0,neck
262,251,183,0,dx_shoulder
262,244,267,0,dx_elbow
262,227,344,0,dx_hand
262,346,188,0,sx_shoulder
262,351,274,0,sx_elbow
262,355,348,0,sx_hand
263,300,113,0,head
263,297,188,0,neck
263,251,183,0,dx_shoulder
263,244,267,0,dx_elbow
263,227,341,0,dx_hand
263,344,190,0,sx_shoulder
263,351,276,0,sx_elbow
263,355,351,0,sx_hand
264,300,113,0,head
264,297,188,0,neck
264,251,186,0,dx_shoulder
264,244,269,0,dx_elbow
264,227,344,0,dx_hand
264,341,193,0,sx_shoulder
264,351,279,0,sx_elbow
264,355,353,0,sx_hand
265,300,113,0,head
265,297,188,0,neck
265,248,186,0,dx_shoulder
265,244,269,0,dx_elbow
265,225,344,0,dx_hand
265,341,193,0,sx_shoulder
265,351,276,0,sx_elbow
265,355,353,0,sx_hand
266,300,113,0,head
266,300,188,0,neck
266,251,186,0,dx_shoulder
266,244,272,0,dx_elbow
266,225,346,0,dx_hand
266,346,188,0,sx_shoulder
266,353,279,0,sx_elbow
266,358,353,0,sx_hand
267,300,113,0,head
267,300,188,0,neck
267,251,186,0,dx_shoulder
267,244,274,0,dx_elbow
267,225,346,0,dx_hand
267,344,190,0,sx_shoulder
267,353,276,0,sx_elbow
267,358,348,0,sx_hand
268,300,113,0,head
268,297,190,0,neck
268,251,186,0,dx_shoulder
268,244,269,0,dx_elbow
268,225,344,0,dx_hand
268,344,193,0,sx_shoulder
268,353,276,0,sx_elbow
268,355,351,0,sx_hand
269,300,113,0,head
269,297,190,0,neck
269,251,186,0,dx_shoulder
269,244,272,0,dx_elbow
269,227,344,0,dx_hand
269,344,193,0,sx_shoulder
269,353,279,0,sx_elbow
269,355,351,0,sx_hand
270,302,113,0,head
270,300,188,0,neck
270,258,186,0,dx_shoulder
270,246,269,0,dx_elbow
270,227,346,0,dx_hand
270,348,188,0,sx_shoulder
270,353,272,0,sx_elbow
270,355,348,0,sx_hand
271,302,113,0,head
271,300,188,0,neck
271,253,186,0,dx_shoulder
271,246,269,0,dx_elbow
271,227,346,0,dx_hand
271,346,190,0,sx_shoulder
271,353,274,0,sx_elbow
271,355,348,0,sx_hand
272,300,113,0,head
272,297,190,0,neck
272,251,186,0,dx_shoulder
272,244,269,0,dx_elbow
272,227,344,0,dx_hand
272,344,195,0,sx_shoulder
272,353,279,0,sx_elbow
272,355,351,0,sx_hand
273,300,113,0,head
273,297,190,0,neck
273,251,186,0,dx_shoulder
273,244,272,0,dx_elbow
273,227,344,0,dx_hand
273,344,193,0,sx_shoulder
273,353,274,0,sx_elbow
273,355,353,0,sx_hand
274,302,116,0,head
274,300,188,0,neck
274,251,186,0,dx_shoulder
274,246,272,0,dx_elbow
274,227,344,0,dx_hand
274,346,190,0,sx_shoulder
274,353,272,0,sx_elbow
274,358,346,0,sx_hand
275,302,113,0,head
275,300,186,0,neck
275,258,186,0,dx_shoulder
275,246,269,0,dx_elbow
275,227,344,0,dx_hand
275,351,188,0,sx_shoulder
275,353,272,0,sx_elbow
275,358,346,0,sx_hand
276,302,113,0,head
276,300,186,0,neck
276,258,186,0,dx_shoulder
276,246,269,0,dx_elbow
276,227,344,0,dx_hand
276,351,188,0,sx_shoulder
276,353,274,0,sx_elbow
276,358,346,0,sx_hand
277,302,113,0,head
277,300,188,0,neck
277,251,186,0,dx_shoulder
277,244,269,0,dx_elbow
277,227,344,0,dx_hand
277,348,188,0,sx_shoulder
277,353,274,0,sx_elbow
277,358,348,0,sx_hand
278,302,113,0,head
278,300,188,0,neck
278,251,186,0,dx_shoulder
278,244,269,0,dx_elbow
278,227,344,0,dx_hand
278,346,188,0,sx_shoulder
278,353,274,0,sx_elbow
278,358,346,0,sx_hand
